body,sent_at,to_user,from_user,listing_id
Tonight name training early see.,2020-06-07 03:47:51.704429,jefferymccarty,esparzarebecca,44
Foot know character bed.,2020-03-27 11:09:04.342415,nathan86,tammy23,75
Bring easy never direction time share give.,2019-04-02 10:16:51.793895,jefferymccarty,samuelcasey,90
Building dog drop outside well media behavior career.,2019-05-11 20:05:59.417370,darrenmiller,antonio33,81
However watch paper avoid suddenly visit lot.,2020-11-23 02:24:21.323379,antonio33,cordovasara,11
Hotel admit of hope.,2021-01-04 13:15:49.053217,darrenmiller,johnsonlarry,23
Six order difficult field Democrat control.,2020-03-31 12:13:16.010534,norrisjose,qhill,56
Size since career now information yeah.,2020-06-24 10:41:22.803621,james76,darrenmiller,95
Enough listen forward bar machine.,2020-10-24 12:46:50.985768,ukirby,anthonymurphy,39
Modern I garden economy defense cut.,2019-06-06 19:01:22.822986,brittany21,twallace,47
Account senior notice attack artist.,2020-03-28 06:56:43.911822,stephensmichael,millereric,13
Box manage another blood college hand.,2020-05-08 15:52:29.948806,nmorgan,michael25,17
Score it black others site top difference listen.,2020-10-09 09:40:18.820688,janicecarroll,james30,42
Somebody since money wonder hospital style particular.,2020-06-24 05:00:52.988201,dylanevans,watsonpenny,51
Among institution guess go successful dog.,2019-05-11 22:28:41.829600,jenniferreynolds,adamsedward,79
Good center same bank spend sea open.,2019-04-23 08:30:59.721036,christopherwebster,megan12,96
Factor arrive quickly number front push throughout.,2019-02-18 01:17:34.147674,laurajones,denisecook,10
Person themselves certainly notice person anyone money.,2020-08-21 05:45:27.023976,anna24,bruce01,8
Television how central effect.,2020-02-26 14:39:34.987745,choilaura,james76,19
Vote animal partner make fill course show record.,2019-07-09 09:18:09.563916,samantha99,jamesthompson,24
Program age wind character.,2019-10-06 16:04:08.723228,eochoa,samantha99,65
However degree matter.,2019-12-25 12:31:30.447057,lawrencetamara,eric37,78
True animal key some traditional office.,2019-10-08 19:01:43.329972,stephensmichael,heatherdouglas,52
Statement certain wife guess similar.,2020-08-18 03:07:27.623327,melissarose,ukirby,15
Need when military among.,2020-11-19 10:18:20.651539,jenniferreynolds,jeremymcbride,33
Occur key easy pull spring alone their use.,2019-10-17 14:53:03.235461,choilaura,nathan86,98
White hot heart require phone little party.,2019-09-06 17:58:07.835730,krystalwalker,richard40,38
Author pull continue yourself benefit attack relate.,2020-10-27 05:46:38.795824,laurajones,joseph21,70
Authority appear free executive.,2021-01-02 12:26:51.923915,marysingleton,amanda52,55
Worker job better itself.,2019-05-28 21:28:03.284685,pcastillo,thomas06,77
Spring past wife nice.,2020-01-28 13:21:10.660574,hlong,rachelanthony,7
Toward decision small week environmental owner.,2020-06-07 18:46:51.725951,eochoa,eddiedavis,93
Begin western hand.,2019-11-19 12:53:07.440513,jesussmith,alyssa92,87
Citizen any within range.,2020-07-30 04:11:34.739097,alyssa92,hrobertson,5
Room well everybody from country change top.,2020-06-08 05:33:49.526171,anna24,toddsmith,58
Just decade for like.,2019-12-14 16:52:47.362389,nathan86,igood,4
Eight film body save system.,2019-12-09 22:35:16.180156,hrobertson,adam47,86
My region today defense fill center under.,2020-07-03 17:19:30.291634,singletonchristine,judymunoz,62
Method quickly reduce break teacher laugh involve.,2020-08-04 13:58:11.750071,jesussmith,krystalwalker,46
Lose center site education fight join future.,2021-01-08 19:37:54.301748,mariaponce,youngkristin,50
Finally tree family art.,2020-11-02 21:22:23.274322,zsimpson,richard35,83
Party life energy form imagine pick speech.,2019-11-19 19:29:57.086887,mariaponce,smithkyle,54
Security matter board party else over unit third.,2019-10-01 06:59:24.119806,fordjeffrey,andrewjohnson,94
More go mission school wear front about trouble.,2019-05-26 12:22:46.455901,nathan86,norrisjose,2
Eye try feeling his dream year central.,2019-08-23 13:52:31.050053,twallace,austinderek,69
Response where each sing best scientist southern carry.,2020-04-02 03:14:33.112867,brownraymond,brianflores,35
Republican peace always interesting visit peace environment.,2019-03-04 02:41:04.903748,esparzarebecca,scottbrandon,12
Growth image clearly before management area.,2021-01-13 00:31:52.693563,wesleysmith,sramirez,82
Drop still book hotel discussion.,2019-12-15 15:21:56.739902,reyessteven,laurajones,43
Instead artist we finally personal standard personal.,2020-12-10 04:14:45.810595,kristen18,parsonschristy,97
