email,username,image_url,password,first_name,last_name,bio,location
xmelton@adams-gallagher.net,lacey20,https://randomuser.me/api/portraits/men/88.jpg,$2b$12$Q1PUFjhN/AWRQ21LbGYvjeLpZZB6lfZ1BPwifHALGO6oIbyC3CmJe,Dawn,Dawson,Physical ability international later.,Carlberg
julianholmes@perry-smith.com,ehansen,https://randomuser.me/api/portraits/women/22.jpg,$2b$12$Q1PUFjhN/AWRQ21LbGYvjeLpZZB6lfZ1BPwifHALGO6oIbyC3CmJe,Amanda,Odonnell,Increase media want shoulder.,Stacyland
joseph14@hotmail.com,bedwards,https://randomuser.me/api/portraits/lego/5.jpg,$2b$12$Q1PUFjhN/AWRQ21LbGYvjeLpZZB6lfZ1BPwifHALGO6oIbyC3CmJe,Amanda,Harrison,Everybody finally recent.,Geraldland
paynewilliam@yahoo.com,paul71,https://randomuser.me/api/portraits/women/50.jpg,$2b$12$Q1PUFjhN/AWRQ21LbGYvjeLpZZB6lfZ1BPwifHALGO6oIbyC3CmJe,Erica,Phillips,Social them poor apply.,Colemantown
brownhannah@davis.com,rojasstephanie,https://randomuser.me/api/portraits/men/57.jpg,$2b$12$Q1PUFjhN/AWRQ21LbGYvjeLpZZB6lfZ1BPwifHALGO6oIbyC3CmJe,Justin,Dixon,Suggest feel seven use west.,West Seth
etate@yahoo.com,jessica90,https://randomuser.me/api/portraits/women/26.jpg,$2b$12$Q1PUFjhN/AWRQ21LbGYvjeLpZZB6lfZ1BPwifHALGO6oIbyC3CmJe,Michael,Ross,Lot rock commercial a agent.,East Daveberg
nnoble@yahoo.com,geraldgrimes,https://randomuser.me/api/portraits/men/94.jpg,$2b$12$Q1PUFjhN/AWRQ21LbGYvjeLpZZB6lfZ1BPwifHALGO6oIbyC3CmJe,Aaron,Craig,Source subject fine professor.,North Johnfort
brandon45@carter.com,sandralewis,https://randomuser.me/api/portraits/men/57.jpg,$2b$12$Q1PUFjhN/AWRQ21LbGYvjeLpZZB6lfZ1BPwifHALGO6oIbyC3CmJe,Lisa,Mercer,Issue few bank image place check scientist body.,Lake Alexandra
cantutracy@martinez.com,josephcampbell,https://randomuser.me/api/portraits/men/77.jpg,$2b$12$Q1PUFjhN/AWRQ21LbGYvjeLpZZB6lfZ1BPwifHALGO6oIbyC3CmJe,Timothy,Warren,Name true analysis mean trouble condition special.,East Jeromefurt
rlee@hotmail.com,christopherwallace,https://randomuser.me/api/portraits/men/36.jpg,$2b$12$Q1PUFjhN/AWRQ21LbGYvjeLpZZB6lfZ1BPwifHALGO6oIbyC3CmJe,Jamie,Rodgers,Remain contain public wish the who.,Stevensborough
jeremy12@hotmail.com,lesliebrown,https://randomuser.me/api/portraits/women/14.jpg,$2b$12$Q1PUFjhN/AWRQ21LbGYvjeLpZZB6lfZ1BPwifHALGO6oIbyC3CmJe,Mark,Estrada,Change these tax protect couple arrive well.,Williamstad
sean50@taylor-brown.com,fisherwendy,https://randomuser.me/api/portraits/men/66.jpg,$2b$12$Q1PUFjhN/AWRQ21LbGYvjeLpZZB6lfZ1BPwifHALGO6oIbyC3CmJe,Heather,Patton,Really together place during goal strategy.,Danielborough
oconnorrobert@gmail.com,matthewallen,https://randomuser.me/api/portraits/men/16.jpg,$2b$12$Q1PUFjhN/AWRQ21LbGYvjeLpZZB6lfZ1BPwifHALGO6oIbyC3CmJe,Robin,Turner,Including however miss back.,Whitneyton
ipreston@gmail.com,philip35,https://randomuser.me/api/portraits/women/63.jpg,$2b$12$Q1PUFjhN/AWRQ21LbGYvjeLpZZB6lfZ1BPwifHALGO6oIbyC3CmJe,Kenneth,Burns,Once election type plant despite think now.,Jacobmouth
sean61@gmail.com,roylisa,https://randomuser.me/api/portraits/women/21.jpg,$2b$12$Q1PUFjhN/AWRQ21LbGYvjeLpZZB6lfZ1BPwifHALGO6oIbyC3CmJe,Nicole,Perez,Suggest marriage since break reach those director.,East Derrick
jordancorey@hotmail.com,darrylcarlson,https://randomuser.me/api/portraits/women/54.jpg,$2b$12$Q1PUFjhN/AWRQ21LbGYvjeLpZZB6lfZ1BPwifHALGO6oIbyC3CmJe,Cheryl,Rodriguez,Significant will still learn interesting civil.,Lake Timothymouth
cochranandrea@hotmail.com,dianeweber,https://randomuser.me/api/portraits/men/9.jpg,$2b$12$Q1PUFjhN/AWRQ21LbGYvjeLpZZB6lfZ1BPwifHALGO6oIbyC3CmJe,Andrew,Garcia,Benefit when thousand forward.,East Kevinhaven
nhenson@lee-murphy.com,thomas38,https://randomuser.me/api/portraits/men/70.jpg,$2b$12$Q1PUFjhN/AWRQ21LbGYvjeLpZZB6lfZ1BPwifHALGO6oIbyC3CmJe,Katherine,Barnes,Where inside realize commercial without fact.,Lake Karenfurt
ashley11@yahoo.com,maldonadodaniel,https://randomuser.me/api/portraits/men/65.jpg,$2b$12$Q1PUFjhN/AWRQ21LbGYvjeLpZZB6lfZ1BPwifHALGO6oIbyC3CmJe,Peter,Moreno,Scene training break challenge.,Port Jamesshire
michellehudson@cook.com,taylor98,https://randomuser.me/api/portraits/men/11.jpg,$2b$12$Q1PUFjhN/AWRQ21LbGYvjeLpZZB6lfZ1BPwifHALGO6oIbyC3CmJe,James,Jackson,Without soon property color network yet.,East Mark
walkerrachel@hotmail.com,jonathan02,https://randomuser.me/api/portraits/women/25.jpg,$2b$12$Q1PUFjhN/AWRQ21LbGYvjeLpZZB6lfZ1BPwifHALGO6oIbyC3CmJe,Kyle,Fuller,Song opportunity fall of break style.,New Brooke
gibbsrobert@williams.com,carl22,https://randomuser.me/api/portraits/women/4.jpg,$2b$12$Q1PUFjhN/AWRQ21LbGYvjeLpZZB6lfZ1BPwifHALGO6oIbyC3CmJe,Lori,Davis,Food appear describe yard around sport hair say.,East Rhondaside
williammurphy@berry.com,christina15,https://randomuser.me/api/portraits/lego/0.jpg,$2b$12$Q1PUFjhN/AWRQ21LbGYvjeLpZZB6lfZ1BPwifHALGO6oIbyC3CmJe,Denise,Bolton,Beyond material party service tree probably only.,West Theresabury
mwatson@yahoo.com,amy34,https://randomuser.me/api/portraits/men/59.jpg,$2b$12$Q1PUFjhN/AWRQ21LbGYvjeLpZZB6lfZ1BPwifHALGO6oIbyC3CmJe,Daniel,Espinoza,Represent notice modern approach political.,Laurafort
gshields@hotmail.com,justin82,https://randomuser.me/api/portraits/men/86.jpg,$2b$12$Q1PUFjhN/AWRQ21LbGYvjeLpZZB6lfZ1BPwifHALGO6oIbyC3CmJe,Derrick,Dickson,Hard understand end sense special television.,South Hollyshire
camposashley@gmail.com,brownraymond,https://randomuser.me/api/portraits/women/27.jpg,$2b$12$Q1PUFjhN/AWRQ21LbGYvjeLpZZB6lfZ1BPwifHALGO6oIbyC3CmJe,Tina,Rios,Suggest travel third their son then young.,North Christina
fmoore@palmer.com,diamond31,https://randomuser.me/api/portraits/men/62.jpg,$2b$12$Q1PUFjhN/AWRQ21LbGYvjeLpZZB6lfZ1BPwifHALGO6oIbyC3CmJe,Courtney,Yoder,Manage in though not claim agreement.,West Victoriaville
kmorales@sparks.com,thorntonalice,https://randomuser.me/api/portraits/women/55.jpg,$2b$12$Q1PUFjhN/AWRQ21LbGYvjeLpZZB6lfZ1BPwifHALGO6oIbyC3CmJe,Ariel,Lee,Mother hit produce director Republican successful.,Audreyfort
brittany92@smith.biz,udougherty,https://randomuser.me/api/portraits/women/90.jpg,$2b$12$Q1PUFjhN/AWRQ21LbGYvjeLpZZB6lfZ1BPwifHALGO6oIbyC3CmJe,Jennifer,Higgins,More scientist hotel around stock explain.,Millerborough
james27@jennings-adkins.com,phillipsjulie,https://randomuser.me/api/portraits/men/47.jpg,$2b$12$Q1PUFjhN/AWRQ21LbGYvjeLpZZB6lfZ1BPwifHALGO6oIbyC3CmJe,Mackenzie,Nielsen,Positive radio ever effect type seek focus.,Port Teresaborough
amandasanders@gmail.com,annejames,https://randomuser.me/api/portraits/men/79.jpg,$2b$12$Q1PUFjhN/AWRQ21LbGYvjeLpZZB6lfZ1BPwifHALGO6oIbyC3CmJe,Drew,Johnson,Training partner focus although interest seat.,Jeremyside
sullivankristin@sullivan.com,erodriguez,https://randomuser.me/api/portraits/men/15.jpg,$2b$12$Q1PUFjhN/AWRQ21LbGYvjeLpZZB6lfZ1BPwifHALGO6oIbyC3CmJe,Brian,Cox,Per yeah ground nor available.,South Johnburgh
eric81@gmail.com,robin53,https://randomuser.me/api/portraits/lego/7.jpg,$2b$12$Q1PUFjhN/AWRQ21LbGYvjeLpZZB6lfZ1BPwifHALGO6oIbyC3CmJe,Melinda,Bray,Rich mind pay event research campaign also.,Brownmouth
kevin77@larson-maynard.com,youngsandra,https://randomuser.me/api/portraits/women/76.jpg,$2b$12$Q1PUFjhN/AWRQ21LbGYvjeLpZZB6lfZ1BPwifHALGO6oIbyC3CmJe,Cole,Burns,Financial hot name yes pay really.,East Scott
gwalton@gmail.com,branchtimothy,https://randomuser.me/api/portraits/men/62.jpg,$2b$12$Q1PUFjhN/AWRQ21LbGYvjeLpZZB6lfZ1BPwifHALGO6oIbyC3CmJe,Sonya,Smith,Attack manage moment Republican where.,Greeneview
fmorgan@young-richardson.com,jeremiah65,https://randomuser.me/api/portraits/women/14.jpg,$2b$12$Q1PUFjhN/AWRQ21LbGYvjeLpZZB6lfZ1BPwifHALGO6oIbyC3CmJe,Austin,Torres,Energy see again seek best positive should.,Beasleytown
brittany76@welch.com,gherman,https://randomuser.me/api/portraits/women/34.jpg,$2b$12$Q1PUFjhN/AWRQ21LbGYvjeLpZZB6lfZ1BPwifHALGO6oIbyC3CmJe,Amy,Khan,Artist seek drop discuss black answer strategy.,Huntfurt
amandasmith@hotmail.com,austinlauren,https://randomuser.me/api/portraits/men/44.jpg,$2b$12$Q1PUFjhN/AWRQ21LbGYvjeLpZZB6lfZ1BPwifHALGO6oIbyC3CmJe,Zachary,Dominguez,Around community interesting student course wide.,Mercedesside
scotthunter@hotmail.com,tinaharper,https://randomuser.me/api/portraits/women/75.jpg,$2b$12$Q1PUFjhN/AWRQ21LbGYvjeLpZZB6lfZ1BPwifHALGO6oIbyC3CmJe,Deborah,Martinez,Particular name either point quickly shake.,Cheyennetown
matthew86@hotmail.com,catherinelee,https://randomuser.me/api/portraits/lego/2.jpg,$2b$12$Q1PUFjhN/AWRQ21LbGYvjeLpZZB6lfZ1BPwifHALGO6oIbyC3CmJe,Garrett,Fitzgerald,Compare skill ready various expect at.,Michelleport
james67@morrison-jennings.com,brittany71,https://randomuser.me/api/portraits/men/54.jpg,$2b$12$Q1PUFjhN/AWRQ21LbGYvjeLpZZB6lfZ1BPwifHALGO6oIbyC3CmJe,Jeffery,Kim,Attorney wrong notice near.,Nunezhaven
heatherfoley@roy.com,nashlindsey,https://randomuser.me/api/portraits/men/88.jpg,$2b$12$Q1PUFjhN/AWRQ21LbGYvjeLpZZB6lfZ1BPwifHALGO6oIbyC3CmJe,Joseph,Smith,Hear break law from.,Port Matthewhaven
plopez@smith.com,brittanyschneider,https://randomuser.me/api/portraits/women/21.jpg,$2b$12$Q1PUFjhN/AWRQ21LbGYvjeLpZZB6lfZ1BPwifHALGO6oIbyC3CmJe,Brittany,Ramos,Kitchen meet hand piece style.,Lake Matthew
steven60@gmail.com,graydonna,https://randomuser.me/api/portraits/women/36.jpg,$2b$12$Q1PUFjhN/AWRQ21LbGYvjeLpZZB6lfZ1BPwifHALGO6oIbyC3CmJe,Stacy,Perez,Character result able where throughout man within grow.,Gonzalezland
rileyhester@gay.com,monica67,https://randomuser.me/api/portraits/men/76.jpg,$2b$12$Q1PUFjhN/AWRQ21LbGYvjeLpZZB6lfZ1BPwifHALGO6oIbyC3CmJe,Gina,Collins,Far southern senior develop family.,Andreaview
lellis@gmail.com,jacob72,https://randomuser.me/api/portraits/women/33.jpg,$2b$12$Q1PUFjhN/AWRQ21LbGYvjeLpZZB6lfZ1BPwifHALGO6oIbyC3CmJe,Margaret,Blackburn,Reveal teacher discussion next knowledge.,West Joseph
ywilson@hotmail.com,ashley69,https://randomuser.me/api/portraits/men/67.jpg,$2b$12$Q1PUFjhN/AWRQ21LbGYvjeLpZZB6lfZ1BPwifHALGO6oIbyC3CmJe,Kathryn,Jones,Occur father visit hit.,North Jeffreyburgh
francisco83@gmail.com,christina33,https://randomuser.me/api/portraits/women/31.jpg,$2b$12$Q1PUFjhN/AWRQ21LbGYvjeLpZZB6lfZ1BPwifHALGO6oIbyC3CmJe,Timothy,Marquez,Do kitchen still look matter growth.,West Justin
jessicablackburn@michael-foster.info,scottjoseph,https://randomuser.me/api/portraits/lego/5.jpg,$2b$12$Q1PUFjhN/AWRQ21LbGYvjeLpZZB6lfZ1BPwifHALGO6oIbyC3CmJe,Jessica,Moran,Full charge decide four popular two.,Rittertown
dsellers@brown.biz,awinters,https://randomuser.me/api/portraits/women/7.jpg,$2b$12$Q1PUFjhN/AWRQ21LbGYvjeLpZZB6lfZ1BPwifHALGO6oIbyC3CmJe,Brian,Morales,Share establish sister campaign according.,North Jeremy
iyoung@gardner.com,cevans,https://randomuser.me/api/portraits/men/44.jpg,$2b$12$Q1PUFjhN/AWRQ21LbGYvjeLpZZB6lfZ1BPwifHALGO6oIbyC3CmJe,Maria,Jones,Land family behind source left chance.,Andersonberg
asandoval@duncan.com,hking,https://randomuser.me/api/portraits/men/95.jpg,$2b$12$Q1PUFjhN/AWRQ21LbGYvjeLpZZB6lfZ1BPwifHALGO6oIbyC3CmJe,Alexis,Taylor,Imagine serious too into into door.,Oneillstad
fchandler@gmail.com,katie93,https://randomuser.me/api/portraits/women/56.jpg,$2b$12$Q1PUFjhN/AWRQ21LbGYvjeLpZZB6lfZ1BPwifHALGO6oIbyC3CmJe,Cindy,Turner,Along significant interesting issue put.,Cookeburgh
collinsjohn@bailey.info,uwilliams,https://randomuser.me/api/portraits/men/85.jpg,$2b$12$Q1PUFjhN/AWRQ21LbGYvjeLpZZB6lfZ1BPwifHALGO6oIbyC3CmJe,Kevin,Bradford,Floor crime throughout term customer.,New Emily
nlopez@harris-stevenson.com,joann47,https://randomuser.me/api/portraits/women/16.jpg,$2b$12$Q1PUFjhN/AWRQ21LbGYvjeLpZZB6lfZ1BPwifHALGO6oIbyC3CmJe,Elizabeth,Yang,Right part arrive right your near.,Cunninghamchester
hernandezdiamond@hall-berger.com,tiffany06,https://randomuser.me/api/portraits/men/12.jpg,$2b$12$Q1PUFjhN/AWRQ21LbGYvjeLpZZB6lfZ1BPwifHALGO6oIbyC3CmJe,Abigail,Gonzalez,Question investment increase size age.,Lake Eric
qflores@yahoo.com,patelchristine,https://randomuser.me/api/portraits/men/15.jpg,$2b$12$Q1PUFjhN/AWRQ21LbGYvjeLpZZB6lfZ1BPwifHALGO6oIbyC3CmJe,Jamie,Gonzalez,Claim group investment particularly bill machine.,Kimberlybury
johncooper@yahoo.com,veronicathompson,https://randomuser.me/api/portraits/men/43.jpg,$2b$12$Q1PUFjhN/AWRQ21LbGYvjeLpZZB6lfZ1BPwifHALGO6oIbyC3CmJe,Joshua,Mcintyre,Focus tree side skin above Mrs.,Port Jessicahaven
nelsonrobert@yahoo.com,alfred57,https://randomuser.me/api/portraits/lego/6.jpg,$2b$12$Q1PUFjhN/AWRQ21LbGYvjeLpZZB6lfZ1BPwifHALGO6oIbyC3CmJe,Sarah,Stone,Season believe sing situation suggest agency bag.,West Hayley
benjaminwilliams@lewis-cruz.info,kennethharris,https://randomuser.me/api/portraits/women/4.jpg,$2b$12$Q1PUFjhN/AWRQ21LbGYvjeLpZZB6lfZ1BPwifHALGO6oIbyC3CmJe,Stephanie,Price,Let ever continue agreement low natural go.,Bruceville
ugarcia@byrd.com,john34,https://randomuser.me/api/portraits/women/39.jpg,$2b$12$Q1PUFjhN/AWRQ21LbGYvjeLpZZB6lfZ1BPwifHALGO6oIbyC3CmJe,Rhonda,Maxwell,Whether fish year language view.,East Valerie
natalieharris@jones.info,campbellruben,https://randomuser.me/api/portraits/men/62.jpg,$2b$12$Q1PUFjhN/AWRQ21LbGYvjeLpZZB6lfZ1BPwifHALGO6oIbyC3CmJe,Jamie,Sullivan,Commercial get activity treat.,Madelinehaven
lori91@yahoo.com,erica45,https://randomuser.me/api/portraits/men/45.jpg,$2b$12$Q1PUFjhN/AWRQ21LbGYvjeLpZZB6lfZ1BPwifHALGO6oIbyC3CmJe,Michael,Wells,Admit outside television mouth lot future dinner.,New Jessicachester
tracy89@walker.com,tiffanybennett,https://randomuser.me/api/portraits/men/31.jpg,$2b$12$Q1PUFjhN/AWRQ21LbGYvjeLpZZB6lfZ1BPwifHALGO6oIbyC3CmJe,Angela,Meadows,Culture affect still sea.,Port Christinatown
corymurphy@long.biz,mserrano,https://randomuser.me/api/portraits/women/62.jpg,$2b$12$Q1PUFjhN/AWRQ21LbGYvjeLpZZB6lfZ1BPwifHALGO6oIbyC3CmJe,Sierra,May,Activity case federal former.,South Thomas
karen33@sanchez.org,csmith,https://randomuser.me/api/portraits/men/58.jpg,$2b$12$Q1PUFjhN/AWRQ21LbGYvjeLpZZB6lfZ1BPwifHALGO6oIbyC3CmJe,Laura,Thompson,Option born drop style maybe add.,West Michelleburgh
michellepetersen@gmail.com,vho,https://randomuser.me/api/portraits/men/71.jpg,$2b$12$Q1PUFjhN/AWRQ21LbGYvjeLpZZB6lfZ1BPwifHALGO6oIbyC3CmJe,John,Robles,Much director ever require exactly indeed.,Lambtown
gbailey@bray-hernandez.biz,llucero,https://randomuser.me/api/portraits/men/2.jpg,$2b$12$Q1PUFjhN/AWRQ21LbGYvjeLpZZB6lfZ1BPwifHALGO6oIbyC3CmJe,Willie,Whitaker,Politics top final glass.,South Gregoryhaven
joanne52@gmail.com,dannywells,https://randomuser.me/api/portraits/men/55.jpg,$2b$12$Q1PUFjhN/AWRQ21LbGYvjeLpZZB6lfZ1BPwifHALGO6oIbyC3CmJe,Sharon,Simmons,Ground son leg bit.,Lake Johnnyside
gary66@gmail.com,odonnellpatricia,https://randomuser.me/api/portraits/women/79.jpg,$2b$12$Q1PUFjhN/AWRQ21LbGYvjeLpZZB6lfZ1BPwifHALGO6oIbyC3CmJe,Lindsey,Stewart,Gas at single like organization.,New Daniel
gonzalezdawn@gmail.com,ycarpenter,https://randomuser.me/api/portraits/men/42.jpg,$2b$12$Q1PUFjhN/AWRQ21LbGYvjeLpZZB6lfZ1BPwifHALGO6oIbyC3CmJe,Brian,Lawrence,Tend place effort she both marriage follow go.,Lake Darren
hendricksallen@yahoo.com,kathywatkins,https://randomuser.me/api/portraits/men/76.jpg,$2b$12$Q1PUFjhN/AWRQ21LbGYvjeLpZZB6lfZ1BPwifHALGO6oIbyC3CmJe,Shane,Butler,Tree against fish race fly quite.,New Jennifer
bennettjohn@thompson.info,barbara75,https://randomuser.me/api/portraits/men/25.jpg,$2b$12$Q1PUFjhN/AWRQ21LbGYvjeLpZZB6lfZ1BPwifHALGO6oIbyC3CmJe,Heather,Estes,Finish major different happen approach.,West Barbarafort
parkerpatrick@thompson.com,richardslauren,https://randomuser.me/api/portraits/men/71.jpg,$2b$12$Q1PUFjhN/AWRQ21LbGYvjeLpZZB6lfZ1BPwifHALGO6oIbyC3CmJe,Donald,Rivas,Old note government.,Lake Brian
christina45@yahoo.com,mjordan,https://randomuser.me/api/portraits/women/63.jpg,$2b$12$Q1PUFjhN/AWRQ21LbGYvjeLpZZB6lfZ1BPwifHALGO6oIbyC3CmJe,Stacy,Humphrey,Political civil eat ask admit develop.,West Marvin
alexiscook@hotmail.com,hernandezjessica,https://randomuser.me/api/portraits/men/29.jpg,$2b$12$Q1PUFjhN/AWRQ21LbGYvjeLpZZB6lfZ1BPwifHALGO6oIbyC3CmJe,Amanda,Berry,Cold campaign nor leader international source.,Rogersmouth
qmiller@green-melendez.com,lisa52,https://randomuser.me/api/portraits/men/9.jpg,$2b$12$Q1PUFjhN/AWRQ21LbGYvjeLpZZB6lfZ1BPwifHALGO6oIbyC3CmJe,Paul,Wilson,Bad study southern.,East Calvinside
kjackson@pittman-campos.org,sgarcia,https://randomuser.me/api/portraits/men/93.jpg,$2b$12$Q1PUFjhN/AWRQ21LbGYvjeLpZZB6lfZ1BPwifHALGO6oIbyC3CmJe,Aimee,Mosley,Notice prevent else lead.,Thomasborough
andrew75@yahoo.com,gwilliams,https://randomuser.me/api/portraits/men/72.jpg,$2b$12$Q1PUFjhN/AWRQ21LbGYvjeLpZZB6lfZ1BPwifHALGO6oIbyC3CmJe,Dana,Carter,Here place medical thing she seek money.,Sotoland
sanchezjessica@hotmail.com,ecarlson,https://randomuser.me/api/portraits/women/17.jpg,$2b$12$Q1PUFjhN/AWRQ21LbGYvjeLpZZB6lfZ1BPwifHALGO6oIbyC3CmJe,Jesse,Miller,Response such surface sit.,Brandonbury
davidgarrett@vasquez.org,debra28,https://randomuser.me/api/portraits/women/43.jpg,$2b$12$Q1PUFjhN/AWRQ21LbGYvjeLpZZB6lfZ1BPwifHALGO6oIbyC3CmJe,Miranda,Gross,Moment song show.,Wrightborough
robertthomas@richard.info,steven51,https://randomuser.me/api/portraits/men/37.jpg,$2b$12$Q1PUFjhN/AWRQ21LbGYvjeLpZZB6lfZ1BPwifHALGO6oIbyC3CmJe,Donna,Fitzgerald,It similar physical interesting.,West Crystalberg
catherine88@hotmail.com,amybrown,https://randomuser.me/api/portraits/lego/7.jpg,$2b$12$Q1PUFjhN/AWRQ21LbGYvjeLpZZB6lfZ1BPwifHALGO6oIbyC3CmJe,Kara,Hunt,Near least poor them reduce civil your hour.,North Victoriaton
stevekim@gmail.com,marypayne,https://randomuser.me/api/portraits/men/19.jpg,$2b$12$Q1PUFjhN/AWRQ21LbGYvjeLpZZB6lfZ1BPwifHALGO6oIbyC3CmJe,Kimberly,Bautista,Say word interesting yard hair glass be.,Port Matthewtown
fernandezwilliam@sellers.org,bryantdouglas,https://randomuser.me/api/portraits/women/27.jpg,$2b$12$Q1PUFjhN/AWRQ21LbGYvjeLpZZB6lfZ1BPwifHALGO6oIbyC3CmJe,Kaitlyn,Hester,Send police affect third.,Port Robert
brobbins@adams.biz,robinsonedward,https://randomuser.me/api/portraits/women/62.jpg,$2b$12$Q1PUFjhN/AWRQ21LbGYvjeLpZZB6lfZ1BPwifHALGO6oIbyC3CmJe,Marcus,Gibbs,Every blood all against.,West Robertville
athomas@maldonado-moody.net,nicole21,https://randomuser.me/api/portraits/lego/5.jpg,$2b$12$Q1PUFjhN/AWRQ21LbGYvjeLpZZB6lfZ1BPwifHALGO6oIbyC3CmJe,Benjamin,Zhang,Impact soon defense phone perform.,Teresaburgh
uharrison@davis-wright.com,annahayes,https://randomuser.me/api/portraits/women/96.jpg,$2b$12$Q1PUFjhN/AWRQ21LbGYvjeLpZZB6lfZ1BPwifHALGO6oIbyC3CmJe,James,King,Organization quality future significant between what.,South Robertfurt
wreynolds@hotmail.com,kelly98,https://randomuser.me/api/portraits/women/14.jpg,$2b$12$Q1PUFjhN/AWRQ21LbGYvjeLpZZB6lfZ1BPwifHALGO6oIbyC3CmJe,Benjamin,Peters,Sing reality matter huge home color future.,Roberthaven
ginabailey@perry.org,robin51,https://randomuser.me/api/portraits/men/13.jpg,$2b$12$Q1PUFjhN/AWRQ21LbGYvjeLpZZB6lfZ1BPwifHALGO6oIbyC3CmJe,Donald,Campbell,In him for nation case.,Port Bernardview
brittney09@yahoo.com,david69,https://randomuser.me/api/portraits/men/61.jpg,$2b$12$Q1PUFjhN/AWRQ21LbGYvjeLpZZB6lfZ1BPwifHALGO6oIbyC3CmJe,Jodi,Edwards,Interesting write close.,Santanafort
jglass@aguirre-berry.com,nathan40,https://randomuser.me/api/portraits/women/56.jpg,$2b$12$Q1PUFjhN/AWRQ21LbGYvjeLpZZB6lfZ1BPwifHALGO6oIbyC3CmJe,Benjamin,Moore,Low international scientist light.,Evanfurt
garrettgarner@moss.net,uguzman,https://randomuser.me/api/portraits/men/40.jpg,$2b$12$Q1PUFjhN/AWRQ21LbGYvjeLpZZB6lfZ1BPwifHALGO6oIbyC3CmJe,Tracy,Fitzgerald,Create real because continue.,Brandonburgh
anitamitchell@hotmail.com,stevenkim,https://randomuser.me/api/portraits/women/49.jpg,$2b$12$Q1PUFjhN/AWRQ21LbGYvjeLpZZB6lfZ1BPwifHALGO6oIbyC3CmJe,Amy,Lee,She early night information.,Charlesborough
aaron81@wallace-vargas.com,fphillips,https://randomuser.me/api/portraits/men/24.jpg,$2b$12$Q1PUFjhN/AWRQ21LbGYvjeLpZZB6lfZ1BPwifHALGO6oIbyC3CmJe,Phillip,Davis,Over opportunity administration grow return rule no.,Holmesville
xhouston@murray.com,qklein,https://randomuser.me/api/portraits/women/27.jpg,$2b$12$Q1PUFjhN/AWRQ21LbGYvjeLpZZB6lfZ1BPwifHALGO6oIbyC3CmJe,Ronald,Flores,Close what would top mission performance new.,New Stephanie
beckanthony@jones.info,gpennington,https://randomuser.me/api/portraits/women/78.jpg,$2b$12$Q1PUFjhN/AWRQ21LbGYvjeLpZZB6lfZ1BPwifHALGO6oIbyC3CmJe,Caleb,Alexander,Yourself small any with impact hotel.,Rodriguezberg
davisdaniel@cabrera.net,phillipsdavid,https://randomuser.me/api/portraits/women/86.jpg,$2b$12$Q1PUFjhN/AWRQ21LbGYvjeLpZZB6lfZ1BPwifHALGO6oIbyC3CmJe,Curtis,Arnold,Executive standard listen benefit better suggest.,New Darrylfort
luislewis@hotmail.com,xmeadows,https://randomuser.me/api/portraits/men/60.jpg,$2b$12$Q1PUFjhN/AWRQ21LbGYvjeLpZZB6lfZ1BPwifHALGO6oIbyC3CmJe,Arthur,Williams,Staff see capital fund.,Christopherview
deborah46@yahoo.com,stephenstodd,https://randomuser.me/api/portraits/women/63.jpg,$2b$12$Q1PUFjhN/AWRQ21LbGYvjeLpZZB6lfZ1BPwifHALGO6oIbyC3CmJe,Jamie,Parker,Notice address western available black.,Lake Johnhaven
